date,collagène,kombucha,eau aromatisée,compléments alimentaires
2021-09-26,12,6,0,2
2021-10-03,13,6,1,2
2021-10-10,10,6,1,2
2021-10-17,11,6,0,2
2021-10-24,10,5,0,2
2021-10-31,12,5,0,2
2021-11-07,11,5,0,2
2021-11-14,10,4,0,2
2021-11-21,9,4,0,2
2021-11-28,11,5,0,3
2021-12-05,10,4,1,2
2021-12-12,8,4,0,2
2021-12-19,9,5,0,2
2021-12-26,9,5,0,1
2022-01-02,11,6,1,2
2022-01-09,13,5,1,3
2022-01-16,13,6,1,2
2022-01-23,15,6,1,3
2022-01-30,13,6,1,3
2022-02-06,15,6,0,3
2022-02-13,15,7,0,3
2022-02-20,16,7,0,2
2022-02-27,15,7,1,3
2022-03-06,16,7,1,3
2022-03-13,15,7,1,3
2022-03-20,14,7,0,3
2022-03-27,14,7,0,3
2022-04-03,15,7,0,3
2022-04-10,13,8,0,3
2022-04-17,15,8,1,2
2022-04-24,14,7,1,3
2022-05-01,13,6,1,3
2022-05-08,15,8,1,3
2022-05-15,13,9,1,3
2022-05-22,15,8,1,2
2022-05-29,15,8,1,2
2022-06-05,15,9,1,2
2022-06-12,14,10,2,2
2022-06-19,14,8,1,2
2022-06-26,14,9,1,2
2022-07-03,14,10,1,2
2022-07-10,14,9,2,2
2022-07-17,14,9,1,2
2022-07-24,17,9,1,2
2022-07-31,16,9,1,2
2022-08-07,15,10,1,2
2022-08-14,15,10,1,2
2022-08-21,17,9,1,2
2022-08-28,17,8,1,2
2022-09-04,16,7,1,3
2022-09-11,16,6,0,2
2022-09-18,16,7,0,2
2022-09-25,16,6,0,3
2022-10-02,17,7,0,2
2022-10-09,17,7,0,3
2022-10-16,17,6,0,2
2022-10-23,17,6,0,2
2022-10-30,19,6,0,2
2022-11-06,17,6,0,2
2022-11-13,17,6,0,3
2022-11-20,15,6,0,2
2022-11-27,14,5,0,2
2022-12-04,14,5,1,2
2022-12-11,13,5,0,2
2022-12-18,14,6,0,2
2022-12-25,16,18,0,2
2023-01-01,19,9,1,2
2023-01-08,18,10,0,2
2023-01-15,19,7,0,3
2023-01-22,19,8,0,3
2023-01-29,22,9,0,3
2023-02-05,24,8,0,2
2023-02-12,21,9,1,2
2023-02-19,23,9,1,2
2023-02-26,23,8,1,3
2023-03-05,21,8,0,3
2023-03-12,21,9,1,3
2023-03-19,20,8,1,3
2023-03-26,20,9,1,3
2023-04-02,22,7,1,2
2023-04-09,23,7,0,2
2023-04-16,23,9,0,3
2023-04-23,25,9,1,3
2023-04-30,25,9,1,3
2023-05-07,23,10,1,3
2023-05-14,23,8,1,3
2023-05-21,25,9,1,3
2023-05-28,22,9,1,2
2023-06-04,22,10,1,3
2023-06-11,22,10,1,2
2023-06-18,21,9,1,3
2023-06-25,22,8,1,2
2023-07-02,22,9,1,2
2023-07-09,19,9,1,2
2023-07-16,24,8,1,3
2023-07-23,23,11,1,3
2023-07-30,25,18,1,3
2023-08-06,30,17,1,2
2023-08-13,32,14,1,1
2023-08-20,30,15,1,2
2023-08-27,32,12,1,3
2023-09-03,27,14,1,3
2023-09-10,29,12,0,3
2023-09-17,26,9,0,3
2023-09-24,28,11,1,3
2023-10-01,30,11,0,3
2023-10-08,30,10,0,3
2023-10-15,28,8,0,3
2023-10-22,29,12,0,2
2023-10-29,28,8,0,2
2023-11-05,29,7,0,2
2023-11-12,30,7,0,2
2023-11-19,27,7,1,2
2023-11-26,32,9,0,3
2023-12-03,27,7,0,2
2023-12-10,29,7,0,2
2023-12-17,22,7,0,2
2023-12-24,26,10,0,2
2023-12-31,30,10,1,3
2024-01-07,29,11,1,3
2024-01-14,32,12,0,3
2024-01-21,32,10,0,3
2024-01-28,28,13,1,3
2024-02-04,26,11,1,3
2024-02-11,28,13,0,3
2024-02-18,28,9,1,3
2024-02-25,27,10,0,3
2024-03-03,26,10,0,3
2024-03-10,25,11,1,3
2024-03-17,28,11,0,3
2024-03-24,26,13,1,4
2024-03-31,27,16,1,3
2024-04-07,29,12,0,4
2024-04-14,28,12,1,2
2024-04-21,31,11,1,3
2024-04-28,34,13,1,3
2024-05-05,29,12,1,3
2024-05-12,31,12,1,2
2024-05-19,27,16,1,2
2024-05-26,28,13,1,2
2024-06-02,26,15,1,3
2024-06-09,27,13,1,3
2024-06-16,25,12,0,2
2024-06-23,24,12,1,2
2024-06-30,25,11,0,3
2024-07-07,24,11,1,2
2024-07-14,26,14,1,5
2024-07-21,26,13,1,3
2024-07-28,23,12,1,2
2024-08-04,26,12,1,2
2024-08-11,27,14,1,3
2024-08-18,27,13,1,3
2024-08-25,29,13,1,3
2024-09-01,27,12,0,2
2024-09-08,27,12,0,3
2024-09-15,30,10,1,3
2024-09-22,30,9,0,3
2024-09-29,29,10,0,4
2024-10-06,27,9,0,3
2024-10-13,28,8,0,3
2024-10-20,28,8,0,3
2024-10-27,29,9,0,3
2024-11-03,29,9,0,3
2024-11-10,29,9,0,3
2024-11-17,27,8,0,3
2024-11-24,26,9,0,2
2024-12-01,26,8,1,3
2024-12-08,24,9,1,3
2024-12-15,24,9,0,3
2024-12-22,23,8,0,2
2024-12-29,27,10,0,3
2025-01-05,29,10,0,4
2025-01-12,29,11,0,3
2025-01-19,29,10,1,3
2025-01-26,35,9,0,3
2025-02-02,32,9,1,4
2025-02-09,31,9,1,3
2025-02-16,38,12,1,4
2025-02-23,34,10,0,4
2025-03-02,30,9,0,4
2025-03-09,30,12,1,4
2025-03-16,29,11,1,3
2025-03-23,29,10,1,4
2025-03-30,28,10,0,3
2025-04-06,30,19,1,3
2025-04-13,34,14,0,3
2025-04-20,28,11,0,4
2025-04-27,28,26,1,4
2025-05-04,28,100,1,3
2025-05-11,25,71,1,3
2025-05-18,25,79,1,3
2025-05-25,25,64,1,3
2025-06-01,24,44,1,3
2025-06-08,22,41,1,3
2025-06-15,21,48,1,3
2025-06-22,19,50,2,3
2025-06-29,20,42,2,3
2025-07-06,21,38,1,3
2025-07-13,22,35,0,2
2025-07-20,22,37,1,3
2025-07-27,26,34,1,3
2025-08-03,27,36,1,3
2025-08-10,28,36,1,3
2025-08-17,27,29,1,2
2025-08-24,28,27,1,3
2025-08-31,27,23,1,4
2025-09-07,29,25,1,4
2025-09-14,30,33,0,3
2025-09-21,28,22,0,3
2025-09-28,29,31,0,3
2025-10-05,30,33,0,3
2025-10-12,29,25,0,3
2025-10-19,26,22,0,3
2025-10-26,28,26,1,3
2025-11-02,30,24,0,3
2025-11-09,30,21,1,3
2025-11-16,24,21,1,4
2025-11-23,27,21,0,4
2025-11-30,27,23,0,3
2025-12-07,25,18,0,4
2025-12-14,22,18,0,4
2025-12-21,21,22,0,3
2025-12-28,24,23,0,4
2026-01-04,26,19,0,4
2026-01-11,31,19,0,4
2026-01-18,31,17,0,5
2026-01-25,29,17,0,4
2026-02-01,30,18,1,4
2026-02-08,31,21,0,5
2026-02-15,28,20,0,4
2026-02-22,31,20,0,5
2026-03-01,32,18,1,4
2026-03-08,31,17,1,5
2026-03-15,28,16,1,4
2026-03-22,32,18,1,4
2026-03-29,32,20,1,4
2026-04-05,28,22,1,4
2026-04-12,29,22,1,4
2026-04-19,27,24,1,4
2026-04-26,26,23,1,4
2026-05-03,27,20,1,5
2026-05-10,28,21,1,5
2026-05-17,26,20,1,5
2026-05-24,21,27,1,4
2026-05-31,25,31,1,4
2026-06-07,27,23,1,4
2026-06-14,21,22,1,3
2026-06-21,19,21,1,3
2026-06-28,19,18,1,3
2026-07-05,21,22,1,4
2026-07-12,18,23,1,3
2026-07-19,18,24,1,3
2026-07-26,22,21,1,3
2026-08-02,24,23,1,3
2026-08-09,23,21,1,3
2026-08-16,23,20,1,4
2026-08-23,24,16,1,4
2026-08-30,27,16,0,4
2026-09-06,22,15,0,4
2026-09-13,24,15,0,4
2026-09-20,25,15,1,4
2026-09-27,27,12,0,4
